{
  "condition": "with_critic",
  "seed": 0,
  "n_steps": 200,
  "model": "TinyLlama/TinyLlama-1.1B-Chat-v1.0",
  "device": "cuda",
  "dtype": "torch.bfloat16",
  "host": "ubuntu",
  "uname": "Linux ubuntu 5.15.148-tegra #1 SMP PREEMPT Tue Jan 7 17:14:38 PST 2025 aarch64 aarch64",
  "torch_version": "2.8.0",
  "cuda_available": true,
  "tenants_enabled": {
    "perception": true,
    "llm_inf": true
  },
  "warmup_s": 12.0,
  "n_tegrastats_samples": 2255,
  "grpo": {
    "n_steps_completed": 200,
    "n_steps_target": 200,
    "group_size": 2,
    "gen_len": 12,
    "elapsed_s": 232.75864972919226,
    "energy_gpu_j": 3882.6096343917397,
    "energy_cpu_j": 639.7248767237719,
    "energy_total_j": 4522.334511115511,
    "energy_per_step_j": 22.611672555577556,
    "mem_peak_ram_mb": 20869,
    "torch_peak_alloc_mb": 10537.962890625,
    "gpu_util_mean_pct": 72.60786201812179,
    "step_total": {
      "mean_ms": 1162.9553281888366,
      "p50_ms": 1162.8784975036979,
      "p99_ms": 1394.2108684033155,
      "max_ms": 3687.066303566098
    },
    "step_generate": {
      "mean_ms": 614.5517303980887,
      "p50_ms": 667.7176803350449,
      "p99_ms": 705.5960906669496,
      "max_ms": 1169.14352029562
    },
    "step_forward": {
      "mean_ms": 62.23736993968487,
      "p50_ms": 61.64718419313431,
      "p99_ms": 64.73937328904864,
      "max_ms": 110.58038286864758
    },
    "step_backward": {
      "mean_ms": 102.95221778564155,
      "p50_ms": 99.92268774658442,
      "p99_ms": 107.10091119632123,
      "max_ms": 589.6214731037617
    },
    "step_optim": {
      "mean_ms": 382.9082380514592,
      "p50_ms": 318.49646382033825,
      "p99_ms": 560.5976928956807,
      "max_ms": 1804.0611185133457
    },
    "final_reward_mean": 0.4166666865348816,
    "oom": false
  },
  "override": {
    "fire_count": 1,
    "fire_rate": 0.005,
    "thresholds": {
      "max_latency_ms": 2000.0,
      "max_memory_util": 0.9
    }
  }
}