{
  "platform": "nano",
  "effort": "fast",
  "n_steps": 5000,
  "with_lag_feature": true,
  "use_real_dvfs": true,
  "use_real_tegrastats": true,
  "track_memory": false,
  "hostname": "ubuntu",
  "device": "Linux ubuntu 5.10.120-tegra aarch64",
  "pid": 6277,
  "mean_bare_step_ms": 0.030587104,
  "mean_framework_step_ms": 0.10087480959999999,
  "framework_overhead_pct": 229.79522873430574,
  "components": {
    "lag_feature_extract": {
      "mean_ms": 0.049473215999999993,
      "p50_ms": 0.047648,
      "p99_ms": 0.06937696000000002,
      "mem_mb": 0.0,
      "rss_mb": 0.0,
      "n_samples": 5000
    },
    "preference_plane_get": {
      "mean_ms": 0.0031086464,
      "p50_ms": 0.003008,
      "p99_ms": 0.003648,
      "mem_mb": 0.0,
      "rss_mb": 0.0,
      "n_samples": 5000
    },
    "tegra_daemon_sample": {
      "mean_ms": 0.011391244800000002,
      "p50_ms": 0.010976,
      "p99_ms": 0.021632320000000007,
      "mem_mb": 0.0,
      "rss_mb": 0.0,
      "n_samples": 5000
    },
    "rl_arbiter_act": {
      "mean_ms": 0.005689542400000001,
      "p50_ms": 0.005504,
      "p99_ms": 0.0075203200000000065,
      "mem_mb": 0.0,
      "rss_mb": 0.0,
      "n_samples": 5000
    },
    "override_layer_step": {
      "mean_ms": 0.0026745344000000002,
      "p50_ms": 0.002624,
      "p99_ms": 0.0031683200000000066,
      "mem_mb": 0.0,
      "rss_mb": 0.0,
      "n_samples": 5000
    },
    "resource_manager_decide": {
      "mean_ms": 0.0040545984000000005,
      "p50_ms": 0.003968,
      "p99_ms": 0.004992,
      "mem_mb": 0.0,
      "rss_mb": 0.0,
      "n_samples": 5000
    },
    "dvfs_controller_set": {
      "mean_ms": 0.0315904512,
      "p50_ms": 0.006368,
      "p99_ms": 0.020352320000000007,
      "mem_mb": 0.0,
      "rss_mb": 0.0,
      "n_samples": 5000
    },
    "replay_buffer_add": {
      "mean_ms": 0.1815657728,
      "p50_ms": 0.172928,
      "p99_ms": 0.3022140800000001,
      "mem_mb": 0.0,
      "rss_mb": 0.0,
      "n_samples": 5000
    }
  },
  "deferred_dvfs_reason": "real-DVFS unavailable (FileNotFoundError: [Errno 2] No such file or directory: '/sys/devices/57000000.gpu/devfreq/57000000.gpu/available_frequencies'); falling back to stub mode. The platform sysfs paths in tetrarl/sys/platforms.py likely need adjustment for this board variant. Documented as deferred follow-up.",
  "artifacts": {
    "overhead_table_md": "runs/w8_overhead_nano_real_dvfs/overhead_table.md",
    "overhead_breakdown_csv": "runs/w8_overhead_nano_real_dvfs/overhead_breakdown.csv",
    "lag_feature_overhead_md": "runs/w8_overhead_nano_real_dvfs/lag_feature_overhead.md"
  }
}