seed,achieved_hv,pareto_unique_count,train_wall_s
0,744.000000,1,608
1,892.000000,2,591
2,744.000000,1,604
3,994.000000,2,599
4,744.000000,1,600
