{
  "condition": "without_critic",
  "seed": 1,
  "n_steps": 200,
  "model": "TinyLlama/TinyLlama-1.1B-Chat-v1.0",
  "device": "cuda",
  "dtype": "torch.bfloat16",
  "host": "ubuntu",
  "uname": "Linux ubuntu 5.15.148-tegra #1 SMP PREEMPT Tue Jan 7 17:14:38 PST 2025 aarch64 aarch64",
  "torch_version": "2.8.0",
  "cuda_available": true,
  "tenants_enabled": {
    "perception": true,
    "llm_inf": true
  },
  "warmup_s": 12.0,
  "n_tegrastats_samples": 2253,
  "grpo": {
    "n_steps_completed": 200,
    "n_steps_target": 200,
    "group_size": 2,
    "gen_len": 12,
    "elapsed_s": 233.0433233603835,
    "energy_gpu_j": 3819.216185508112,
    "energy_cpu_j": 659.7919170063155,
    "energy_total_j": 4479.008102514428,
    "energy_per_step_j": 22.39504051257214,
    "mem_peak_ram_mb": 20195,
    "torch_peak_alloc_mb": 10526.89892578125,
    "gpu_util_mean_pct": 71.77035304627553,
    "step_total": {
      "mean_ms": 1164.3664746545255,
      "p50_ms": 1172.1268640831113,
      "p99_ms": 1424.8799211531878,
      "max_ms": 3704.770976677537
    },
    "step_generate": {
      "mean_ms": 610.2230233699083,
      "p50_ms": 673.4719192609191,
      "p99_ms": 705.7230412214994,
      "max_ms": 1171.1894404143095
    },
    "step_forward": {
      "mean_ms": 62.4379401281476,
      "p50_ms": 61.95905618369579,
      "p99_ms": 65.83580438047646,
      "max_ms": 91.91545657813549
    },
    "step_backward": {
      "mean_ms": 102.98012586310506,
      "p50_ms": 100.28254427015781,
      "p99_ms": 103.38867962360382,
      "max_ms": 582.500895485282
    },
    "step_optim": {
      "mean_ms": 388.417296577245,
      "p50_ms": 336.5402715280652,
      "p99_ms": 582.867334652692,
      "max_ms": 1845.7030411809683
    },
    "final_reward_mean": 0.3333333432674408,
    "oom": false,
    "n_tegrastats_samples": 2253
  },
  "override": {
    "fire_count": 1,
    "fire_rate": 0.005,
    "thresholds": {
      "max_latency_ms": 2000.0,
      "max_memory_util": 0.9
    }
  }
}