{
  "condition": "with_critic",
  "seed": 1,
  "n_steps": 200,
  "model": "TinyLlama/TinyLlama-1.1B-Chat-v1.0",
  "device": "cuda",
  "dtype": "torch.bfloat16",
  "host": "ubuntu",
  "uname": "Linux ubuntu 5.15.148-tegra #1 SMP PREEMPT Tue Jan 7 17:14:38 PST 2025 aarch64 aarch64",
  "torch_version": "2.8.0",
  "cuda_available": true,
  "tenants_enabled": {
    "perception": true,
    "llm_inf": true
  },
  "warmup_s": 12.0,
  "n_tegrastats_samples": 2303,
  "grpo": {
    "n_steps_completed": 200,
    "n_steps_target": 200,
    "group_size": 2,
    "gen_len": 12,
    "elapsed_s": 238.27940294332802,
    "energy_gpu_j": 3898.565403739106,
    "energy_cpu_j": 663.7733585964879,
    "energy_total_j": 4562.338762335594,
    "energy_per_step_j": 22.81169381167797,
    "mem_peak_ram_mb": 20351,
    "torch_peak_alloc_mb": 10537.962890625,
    "gpu_util_mean_pct": 71.36729323581659,
    "step_total": {
      "mean_ms": 1190.5435688234866,
      "p50_ms": 1194.1061271354556,
      "p99_ms": 1432.3033315129576,
      "max_ms": 3722.235295921564
    },
    "step_generate": {
      "mean_ms": 622.6186073664576,
      "p50_ms": 687.2034724801779,
      "p99_ms": 735.9000801108778,
      "max_ms": 1159.0085439383984
    },
    "step_forward": {
      "mean_ms": 63.36380288004875,
      "p50_ms": 62.72886414080858,
      "p99_ms": 65.92061962932348,
      "max_ms": 112.65183985233307
    },
    "step_backward": {
      "mean_ms": 106.34204591624439,
      "p50_ms": 103.36590372025967,
      "p99_ms": 110.2579589560628,
      "max_ms": 609.8120007663965
    },
    "step_optim": {
      "mean_ms": 397.90733301080763,
      "p50_ms": 330.2339846268296,
      "p99_ms": 577.1947025880218,
      "max_ms": 1827.3134399205446
    },
    "final_reward_mean": 0.3333333432674408,
    "oom": false
  },
  "override": {
    "fire_count": 1,
    "fire_rate": 0.005,
    "thresholds": {
      "max_latency_ms": 2000.0,
      "max_memory_util": 0.9
    }
  }
}